Acetaldehyde,(E) 2-Butenal (Crotonaldehyde,CO,CO2,Ethylene (Ethene),Ethanol,Crotyl Alcohol,H2,H2O
0.0,0.0,0.0,0.0,0.0,0.0,0.0,100.0,0.0
0.0,0.0,0.0,0.0,0.0,0.0,0.0,0.0,100.0
10.115733465533577,18.647880757211826,0.0,0.0,52.5196555036498,9.738228137954652,13.733123309136369,0.0,0.0
7.467472630513545,51.00792979324382,0.0,0.0,62.150789527732584,22.262309172084123,51.92155881877355,0.0,0.0
59.993987180833955,0.0,100.0,100.0,100.0,0.0,18.01261275311412,0.0,0.0
100.0,40.82926663465433,0.0,0.0,0.0,29.822087731518714,92.72691549288803,0.0,0.0
0.0,0.0,0.0,0.0,0.0,100.0,37.04995699816683,0.0,0.0
6.085605195684314,100.0,0.0,0.0,0.0,0.0,38.04009593678581,0.0,0.0
0.0,0.0,0.0,0.0,0.0,0.0,100.0,0.0,0.0
