# molecules,'Acetaldehyde', '(E) 2-Butenal (Crotonaldehyde', 'CO', 'CO2', 'Ethylene (Ethene)', 'Ethanol', 'Crotyl Alcohol', 'H2', 'H2O', '1butanal'
ScaledConcentrations_Means,0.6585527843266049,0.017563494273429126,3.9287016287653045,1.2607918287301976,0.4153335484044345,0.11134347474622218,0.003582142919999259,0.6094900592907754,0.23510231050836375,-0.07203711298331011
ScaledConcentrations_StdDevs,0.3279722271515499,0.028049821732400396,0.08859015597241383,0.13006134042038478,0.047485682337757316,0.05549764560488162,0.24288334207415768,0.022788259658205908,0.016488096850461452,0.12767003963042145
ScaledConcentrations_StdErrs,0.03496195688672771,0.002990121043497467,0.009443742357686944,0.013864585473898473,0.005061990745522409,0.0059160688995052784,0.025891451260527595,0.002429236641813579,0.0017576370299295329,0.013609671953177513
