# molecules,'Acetaldehyde', '(E) 2-Butenal (Crotonaldehyde', 'CO', 'CO2', 'Ethylene (Ethene)', 'Ethanol', 'Crotyl Alcohol', 'H2', 'H2O'
ScaledConcentrations_Means,0.6604316927751861,0.05848677770538521,3.7994932648385995,1.4329611759152399,0.40001553012977964,0.13761509149359227,-0.15872167604817056,0.6956539185536897,0.23139118892122576
ScaledConcentrations_StdDevs,0.285945430694891,0.0934064522012841,0.08888943255114395,0.07916172553372695,0.049123930235920474,0.060850410513753804,0.2459510388525741,0.026009845257684322,0.01622783002441343
ScaledConcentrations_StdErrs,0.030481885331382155,0.009957161260774927,0.009475645348173804,0.008438668295868403,0.005236628558250638,0.00648667555603264,0.026218468835887687,0.0027726588206184372,0.0017298924930510132
