# molecules,'Acetaldehyde', '(E) 2-Butenal (Crotonaldehyde', 'CO', 'CO2', 'Ethylene (Ethene)', 'Ethanol', 'Crotyl Alcohol', 'H2', 'H2O', '1butanal'
ScaledConcentrations_Means,0.6583809026738033,0.015542924457281676,7.814659929072406,1.908909028754559,0.6914618312435752,0.17011499356399923,-0.0012296297868470047,1.8031985036426321,0.11150507608897181,-0.030575812347023692
ScaledConcentrations_StdDevs,0.32700746375347073,0.02482286573728568,0.1763438695770705,0.19600984439198724,0.07993698669298421,0.08479151244749417,0.05903484424363746,0.06741989486114423,0.007820027331495054,0.05435445301306684
ScaledConcentrations_StdErrs,0.034859112762935636,0.0026461263785942223,0.01879831965937588,0.020894719618561704,0.008521311413126566,0.009038805597340707,0.0062931355413426955,0.0071869849405079445,0.000833617714497599,0.005794204159751609
