# molecules,'Acetaldehyde', '(E) 2-Butenal (Crotonaldehyde', 'CO', 'CO2', 'Ethylene (Ethene)', 'Ethanol', 'Crotyl Alcohol', 'H2', 'H2O'
ScaledConcentrations_Means,0.7361914090226744,0.032245093556625755,3.8366102900150754,1.2748915150504776,0.41211613186479784,0.145325098554818,-0.19808092443290318,0.6956539185536897,0.231579267306254
ScaledConcentrations_StdDevs,0.31651398663946534,0.05149710598170934,0.0900548955749383,0.10752380685273935,0.04749968961277049,0.06091191165132824,0.3115476375768079,0.026009845257684322,0.016241020259001586
ScaledConcentrations_StdErrs,0.03374050434405206,0.005489609942770611,0.009599884123953269,0.011462076323143161,0.005063483926055908,0.006493231599326417,0.03321108975513677,0.0027726588206184372,0.00173129857678256
