# molecules,'Acetaldehyde', '(E) 2-Butenal (Crotonaldehyde', 'CO', 'CO2', 'Ethylene (Ethene)', 'Ethanol', 'Crotyl Alcohol', 'H2', 'H2O', '1butanal'
ScaledConcentrations_Means,0.6583809026738033,0.015542924457281676,3.830896211178765,1.2649822234801886,0.4213670157836095,0.1180341246759752,-0.004116155263507685,0.6997949420496453,0.23727436013832354,-0.08052493628744496
ScaledConcentrations_StdDevs,0.32700746375347073,0.02482286573728568,0.08644714779131661,0.12989040601099394,0.0487124639591158,0.0588325093633019,0.1976176792910147,0.02616467422862172,0.016640426126108922,0.14314873522051072
ScaledConcentrations_StdErrs,0.034859112762935636,0.0026461263785942223,0.009215296918004014,0.013846363804632498,0.0051927661057651715,0.006271566570627061,0.021066115394688806,0.0027891636443766648,0.0017738753852745187,0.015259706447206244
