# molecules,'Acetaldehyde', '(E) 2-Butenal (Crotonaldehyde', 'CO', 'CO2', 'Ethylene (Ethene)', 'Ethanol', 'Crotyl Alcohol', 'H2', 'H2O', '1butanal'
ScaledConcentrations_Means,0.6633477001376118,0.042985250336757,3.8134187006874054,1.3950078239393258,0.40284102045110576,0.12322157552704484,-0.07708341274289342,0.6956539185536897,0.23135269712878337,-0.042848888859372276
ScaledConcentrations_StdDevs,0.3270893647889363,0.06864969978626177,0.08678584697710794,0.12992800518440997,0.049325819038811655,0.061418123918457246,0.27683233778075017,0.026009845257684322,0.01622513053413464,0.14084131119666407
ScaledConcentrations_StdErrs,0.0348678434426514,0.007318082586014303,0.0092514023725239,0.013850371889985835,0.005258149976950926,0.006547194008316368,0.029510426362627126,0.0027726588206184372,0.0017296047264203967,0.015013734219796118
