# molecules,'Acetaldehyde', '(E) 2-Butenal (Crotonaldehyde', 'CO', 'CO2', 'Ethylene (Ethene)', 'Ethanol', 'Crotyl Alcohol', 'H2', 'H2O', '1butanal'
ScaledConcentrations_Means,0.4244521421453124,0.7937267515875539,3.9903440624448945,1.868675141933616,0.33923064361792615,0.05828207959856721,0.3729758346385646,0.7060318396122761,0.23654718557502621,-0.686400720974932
ScaledConcentrations_StdDevs,0.2825538078459149,0.25156910380627323,0.07841823376907182,0.16004797979154334,0.044848040565497176,0.03397088208267615,0.15823206516591556,0.026405826058275385,0.016939910615977122,0.33395824313888745
ScaledConcentrations_StdErrs,0.030120337120877274,0.026817356572218187,0.008359411807453917,0.01706117197141265,0.004780817187854737,0.0036213081976292634,0.016867594821900415,0.0028148705157929783,0.0018058005391631661,0.03560006833503596
