# molecules,'Acetaldehyde', '(E) 2-Butenal (Crotonaldehyde', 'CO', 'CO2', 'Ethylene (Ethene)', 'Ethanol', 'Crotyl Alcohol', 'H2', 'H2O'
ScaledConcentrations_Means,0.6621929481680628,0.44290350027082187,3.9429245032665894,1.4352216581748924,0.39821238824381167,0.20776013259805615,-0.5389212965043698,0.7060076672696853,0.23524920111584208
ScaledConcentrations_StdDevs,0.30485750780797843,0.08857645924593373,0.09127106140785667,0.09339883971678054,0.047244452511193934,0.06517468459964665,0.2979547709986692,0.026404612331370928,0.016668202005261958
ScaledConcentrations_StdErrs,0.03249791952552355,0.0094422822817383,0.009729527837345976,0.009956349767200225,0.005036275559607582,0.006947644722447818,0.03176208530924406,0.002814741132070233,0.0017768363039409357
