# molecules,'Acetaldehyde', '(E) 2-Butenal (Crotonaldehyde', 'Ethylene (Ethene)', 'Ethanol', 'Crotyl Alcohol'
ScaledConcentrations_Means,10.455359935663862,5.626229433505915,5.19991634875272,4.752456555900587,-19.599344084940146
ScaledConcentrations_StdDevs,0.27272916787113005,0.11964653421455071,0.10413979591327058,0.08522933063933286,0.35984479184846296
ScaledConcentrations_StdErrs,0.02907302698059723,0.012754363402004133,0.011101339544918178,0.00908547717340747,0.03835958369946391
