# molecules,'Acetaldehyde', '(E) 2-Butenal (Crotonaldehyde', 'CO', 'CO2', 'Ethylene (Ethene)', 'Ethanol', 'Crotyl Alcohol', 'H2', 'H2O'
ScaledConcentrations_Means,3.0439877970416074,0.0,0.0,0.006218335472623593,0.0,0.11924428641752832,0.0,0.7061487955772517,0.2343121319036459
ScaledConcentrations_StdDevs,0.15904572325951616,0.0,0.0,0.03320032389956025,0.0,0.004617858567186578,0.0,0.00010859534356946254,0.005270492235096073
ScaledConcentrations_StdErrs,0.016954331066112507,0.0,0.0,0.003539166419312269,0.0,0.0004922653772765356,0.0,1.1576302520946523e-05,0.0005618363600345825
