Time,ethyne relative uncertainty,ethene relative uncertainty,ethane relative uncertainty,1butanal relative uncertainty
747.187,0.8354635331086468,0.5328908032052532,0.13589589337301075,0.8454321652473301
751.547,0.8354635331086468,0.5328908032052532,0.13589589337301075,0.8454321652473301
