Time,ethyne relative uncertainty,ethene relative uncertainty,ethane relative uncertainty,1butanal relative uncertainty
747.187,0.767942896324815,0.5328908032052532,0.13589589337301075,0.8454321652473301
751.547,0.767942896324815,0.5328908032052532,0.13589589337301075,0.8454321652473301
