Time,ethyne Concentration Relative to CO,ethene Concentration Relative to CO,ethane Concentration Relative to CO,1butanal Concentration Relative to CO
747.187,1.061496065314109e-07,2.553215275488876e-07,1.798241936491399e-07,1.9783315304197876e-07
751.547,1.061496065314109e-07,2.553215275488876e-07,1.798241936491399e-07,1.9783315304197876e-07
