Time,ethyne Concentration Relative to CO,ethene Concentration Relative to CO,ethane Concentration Relative to CO,1butanal Concentration Relative to CO
747.187,1.7989301963031117e-07,4.351455677303655e-07,2.975202392467205e-07,1.743894598955308e-06
751.547,1.7989301963031117e-07,4.351455677303655e-07,2.975202392467205e-07,1.743894598955308e-06
