# molecules,'ethyne', 'ethene', 'ethane', '1butanal'
ScaledConcentrations_Means,2.153212109222213e-07,8.165754880981888e-07,2.1893247239640924e-06,-2.0627256338716823e-06
ScaledConcentrations_StdDevs,0.0,0.0,0.0,0.0
ScaledConcentrations_StdErrs,0.0,0.0,0.0,0.0
ScaledConcentrations_absolute_uncertainties_Means,1.7989301963031117e-07,4.351455677303655e-07,2.975202392467205e-07,1.743894598955308e-06
ScaledConcentrations_absolute_uncertainties_StdDevs,0.0,0.0,0.0,0.0
ScaledConcentrations_relative_uncertainties_Means,0.8354635331086468,0.5328908032052532,0.13589589337301075,-0.8454321652473301
ScaledConcentrations_relative_uncertainties_StdDevs,0.0,0.0,0.0,-0.0
ScaledConcentrations_absolute_uncertainties_Total,1.7989301963031117e-07,4.351455677303655e-07,2.975202392467205e-07,1.743894598955308e-06
