# molecules 	Acetaldehyde	(E) 2-Butenal (Crotonaldehyde	CO	CO2	Ethylene (Ethene)	Ethanol	Crotyl Alcohol	H2	H2O
ScaledConcentrations_Means	0.8974466292137115	0.5489637639642758	4.628540021901693	1.6847813578348716	0.4437993840220941	0.10190716752682803	-0.41674278306433354	0.747128803301175	0.44469643668313624
ScaledConcentrations_StdDevs	0.4160993191301869	0.11493791437897369	0.5062606240281163	0.26879324539218946	0.042220890284712695	0.012091716529454214	0.26288921338482224	0.07327680492597295	0.1627585586412873
ScaledConcentrations_StdErrs	0.013457613739178807	0.0037173578147939304	0.01637363873550195	0.008693394835997374	0.0013655211798078853	0.00039107406096505965	0.008502444794490487	0.0023699412409429192	0.005263987981327664
