# molecules 	Acetaldehyde	(E) 2-Butenal (Crotonaldehyde	CO	CO2	Ethylene (Ethene)	Ethanol	Crotyl Alcohol	H2	H2O
ScaledConcentrations_Means	0.7301987892996583	0.10002292114875361	4.521800098136725	1.77566551414719	0.43911336629740716	0.00567737193669856	0.7566303904564254	0.7360221600444722	0.4380803500246924
ScaledConcentrations_StdDevs	0.45689239865720566	0.03383101734192914	0.49165568210281735	0.26236602520673424	0.049075682955811155	0.01662440808271514	0.2246348961142147	0.07338841586575759	0.16094136486593194
ScaledConcentrations_StdErrs	0.014776956218887265	0.0010941732967572945	0.015901281156247372	0.008485523679530886	0.0015872210187372886	0.0005376717825141758	0.007265211754167338	0.002373550996709471	0.005205215734429751
