# molecules 	Acetaldehyde	(E) 2-Butenal (Crotonaldehyde	CO	CO2	Ethylene (Ethene)	Ethanol	Crotyl Alcohol	H2	H2O
ScaledConcentrations_Means	0.44319768528150455	0.14342263592359342	4.705473417771353	1.855709674264584	0.4757982343494378	0.08381360957250417	0.4253873938475249	0.8196699456228499	0.45586828373847016
ScaledConcentrations_StdDevs	0.14443492485103812	0.05882766272153362	0.27332824549321366	0.05820567438542243	0.04040619937694378	0.010567656580003058	0.11824635692138531	0.10743220181410071	0.0763716857370967
ScaledConcentrations_StdErrs	0.009544528489689907	0.0038874413747687904	0.018062038865167065	0.0038463392285919516	0.002670116812198131	0.000698330403128764	0.007813939208970286	0.007099319724660279	0.005046783048318418
