Temp,m29
1.000000000000000000e+00,9.999999999999997780e-01
2.000000000000000000e+00,9.999999999999997780e-01
3.000000000000000000e+00,9.999999999999998890e-01
4.000000000000000000e+00,9.999999999999998890e-01
5.000000000000000000e+00,9.999999999999998890e-01
6.000000000000000000e+00,9.999999999999998890e-01
7.000000000000000000e+00,9.999999999999998890e-01
8.000000000000000000e+00,9.999999999999998890e-01
