Temp,m29.0
1.0,0.9999999999999998
2.0,0.9999999999999998
3.0,0.9999999999999999
4.0,0.9999999999999999
5.0,0.9999999999999999
6.0,0.9999999999999999
7.0,0.9999999999999999
8.0,0.9999999999999999
