Temp,m29.0
1.0,1.0
2.0,1.0000000000000002
3.0,1.0000000000000002
4.0,1.0000000000000002
5.0,1.0000000000000002
6.0,1.0000000000000004
7.0,1.0000000000000004
8.0,1.0000000000000004
