Temp,AcetaldehydeConcentration(bar)
1.0,0.02994998352750906
2.0,0.03422855260286751
3.0,0.038507121678225946
4.0,0.042785690753584384
5.0,0.04706425982894282
6.0,0.051342828904301266
7.0,0.05562139797965971
8.0,0.05989996705501815
