Mass,Acetaldehyde
26.0,10.701070107010702
27.0,7.740774077407742
28.0,61.03610361036104
29.0,100.0
41.0,5.4605460546054605
44.0,99.9899989999
