time-s,2buten1ol(crotyl alcohol)Percent,2butenalE(crotonaldehyde)Percent,2buteneEPercent,13butadienePercent,acetaldehydePercent,acetonePercent,diethyletherPercent,ethanolPercent
5618.562,0.6296550463494505,0.029824098704964167,0.04959701790922109,0.029331347913529662,0.0328523784670826,0.08812281039057338,0.04354350120400738,0.09631308634295045
5638.531,0.5830014609941939,0.029894581363579285,0.04959625206244175,0.029639456054780373,0.03284646526421046,0.08811872886375278,0.04282120625089903,0.09646104912541989
5658.5,1.599043513167502,0.030783571479627618,0.04959755375486612,0.029417251531281514,0.03284548957263784,0.08810111567347814,0.04249004326807066,0.09651022944393503
