time-s,2butenalE(crotonaldehyde)Percent,2buteneEPercent,13butadienePercent,acetonePercent,diethyletherPercent,ethanolPercent
5618.562,0.02930163781560673,0.08395997645322383,0.030242600613331696,0.08898869434735637,2.20781551479117,0.08473692336817326
5638.531,0.029373374168066055,0.08034136812723348,0.030424569095477392,0.08830497870435126,2.5182987577521065,0.08490711113607213
5658.5,0.030277671445388444,0.08276126844067302,0.03029987109233258,0.08858191712717822,1.750036331426016,0.08497340343475288
