time-s,2buten1ol(crotyl alcohol)Percent,2butenalE(crotonaldehyde)Percent,2buteneEPercent,13butadienePercent,acetaldehydePercent,acetonePercent,diethyletherPercent,ethanolPercent
5618.562,0.6295020280014946,0.035328422273083124,0.05029394546344274,0.03005332649400425,0.03459192141293947,0.09104778614171895,2.7712664955206825,0.09812376842691567
5638.531,0.5831283942336402,0.035980223170363194,0.05029319022922897,0.030354509779957448,0.03458474549000473,0.09104375839922742,3.1490520743255463,0.09827426060955907
5658.5,1.5980523379367075,0.03383024312506235,0.05029447388390688,0.030138282253639324,0.034584294580305826,0.09102595596353591,2.2170004555579395,0.0983409261649701
