time-s,2buten1ol(crotyl alcohol)Percent,2butenalE(crotonaldehyde)Percent,2buteneEPercent,13butadienePercent,acetaldehydePercent,acetonePercent,diethyletherPercent,ethanolPercent
5618.562,0.13837587718460145,0.05936108555849889,0.053321694051735986,0.0315108436384819,0.047838472318187227,0.0923847885746673,0.10097163960851295,0.10134229953984518
5638.531,0.17413339814294107,0.06496701529541216,0.05282841277000018,0.03202450607411728,0.045468259628369014,0.09162896388427319,0.09884180863381657,0.10152380013372113
5658.5,0.14059158287749768,0.04997314892312148,0.05262100418086992,0.03182809828146676,0.04862099561648647,0.09190899975590892,0.09065411614368424,0.1020673110742662
