time-s,2buten1ol(crotyl alcohol) Concentration Relative to CO,2butenalE(crotonaldehyde) Concentration Relative to CO,2buteneE Concentration Relative to CO,13butadiene Concentration Relative to CO,acetaldehyde Concentration Relative to CO,acetone Concentration Relative to CO,diethylether Concentration Relative to CO,ethanol Concentration Relative to CO
5618.562,2.1115530423369064e-08,4.539961134950846e-09,3.554210954150052e-08,5.5887599672679684e-08,4.942933266954437e-07,4.5830216864282075e-08,2.5107923190269693e-08,2.6605518744118807e-08
5638.531,2.091385740786657e-08,4.740329067430036e-09,3.587344664759454e-08,5.4390010447935304e-08,5.174274713654842e-07,4.772340547778834e-08,2.6335138295883208e-08,2.6442098124020365e-08
5658.5,1.8430001430230213e-08,3.713715973242033e-09,3.313705431566828e-08,5.228387514939652e-08,5.13628638123735e-07,4.390532409908042e-08,2.4198871622134992e-08,2.5608031964433874e-08
