time-s,2butenalE(crotonaldehyde)Percent,2buteneEPercent,13butadienePercent,acetonePercent,diethyletherPercent,ethanolPercent
5618.562,0.029824098704964167,0.049597017909221074,0.029300487777917227,0.08808109810265122,0.043543501204007386,0.09631308634295045
5638.531,0.029894581363579285,0.04959625206244174,0.02960553204562422,0.08807950142236337,0.04282120625089903,0.09646104912541989
5658.5,0.03078357147962762,0.04959755375486612,0.02939526625012741,0.08808040784041554,0.042490043268070654,0.09651022944393503
