time-s,2buten1ol(crotyl alcohol)Percent,2butenalE(crotonaldehyde)Percent,2buteneEPercent,13butadienePercent,acetaldehydePercent,acetonePercent,diethyletherPercent,ethanolPercent
5618.562,1.8001803814240251,0.17389923559534662,0.42017552905471134,0.03458897252366594,0.034522480306945255,0.08751328464620614,0.753684094480301,0.09631308634295045
5638.531,1.6125291864040556,0.1730526078126891,0.5104734671141288,0.03399182745829705,0.03460456534572006,0.08531961374467452,0.7667385376090914,0.09646104912541989
5658.5,1.0609753702860334,0.16803109441969363,0.5491702774686112,0.033721911285167896,0.034592230218162066,0.08580975911638494,0.7575516367015974,0.09651022944393503
