# molecules,'2butenalE(crotonaldehyde)', '2buteneE', '13butadiene', 'acetone', 'diethylether', 'ethanol'
ScaledConcentrations_Means,5.392239304122114e-08,5.465431900880007e-07,1.5158758237938683e-06,3.931164959921702e-07,8.829661080215305e-09,2.2992706210782733e-07
ScaledConcentrations_StdDevs,9.922386708564177e-10,1.744040299798272e-08,4.775830641308002e-08,1.4132103708506077e-08,1.0446468365633358e-09,4.5126345839631994e-09
ScaledConcentrations_StdErrs,5.728692637193093e-10,1.006922136566088e-08,2.757327106363238e-08,8.159173880321692e-09,6.03127132297933e-10,2.6053707918055683e-09
ScaledConcentrations_absolute_uncertainties_Means,2.9489606356466436e-09,4.852812342820405e-08,5.223842344808141e-08,3.8593855200630704e-08,1.883360499581533e-08,2.1470622195343125e-08
ScaledConcentrations_absolute_uncertainties_StdDevs,3.664120900610244e-11,1.4615957834094633e-09,3.087522146861014e-09,8.578143424590366e-10,6.633758005836853e-10,6.266489662758429e-10
ScaledConcentrations_relative_uncertainties_Means,0.05468897927790967,0.08879101287565284,0.034460885666308304,0.09817409239778986,2.1329929682143685,0.09338014411402427
ScaledConcentrations_relative_uncertainties_StdDevs,0.0006795174868832687,0.0026742548620432485,0.0020367909418422528,0.0021820868653553574,0.07513038094634424,0.002725425013180778
ScaledConcentrations_absolute_uncertainties_Total,3.0040885512760374e-09,4.956175927440116e-08,5.9068927207878155e-08,3.9446898200702336e-08,1.8843259789009813e-08,2.1628119992684394e-08
