time-s,2butenalE(crotonaldehyde)Percent,2buteneEPercent,13butadienePercent,acetonePercent,diethyletherPercent,ethanolPercent
5618.562,0.031550041,0.091690286,0.03125899,0.109442728,2.773603199,0.098413479
5638.531,0.031616676,0.088045601,0.031544762,0.108540772,3.15260559,0.098563548
5658.5,0.032458535,0.090481123,0.031347837,0.108906792,2.209986482,0.098629909
