time-s,2butenalE(crotonaldehyde)Percent,2buteneEPercent,13butadienePercent,acetonePercent,diethyletherPercent,ethanolPercent
5618.562,0.03155004103858694,0.09169028643131585,0.03126730123736421,0.10944272798233359,2.773603198625087,0.09841347932262132
5638.531,0.03161667630976945,0.08804560140901938,0.03155296333136448,0.10854077230782737,3.152605590470063,0.09856354797010393
5658.5,0.032458535071910107,0.09048112270949123,0.03135716625595791,0.10890679193949755,2.2099864820244677,0.09862990884298334
