time-s,2butenalE(crotonaldehyde)Percent,2buteneEPercent,13butadienePercent,acetonePercent,diethyletherPercent,ethanolPercent
5618.562,0.059100318051571864,0.08623041927989268,0.03236596709462969,0.09322217267316994,2.2208034509639307,0.0904251956236277
5638.531,0.06472883585781405,0.08239104428133313,0.032763506693044064,0.09183648795457625,2.5320622801032604,0.09062969132722176
5658.5,0.04966311235118085,0.08462214413757588,0.032639601199016745,0.09235866628936135,1.7624541363610073,0.09125373243771243
