# molecules,'2buten1ol(crotyl alcohol)', '2butenalE(crotonaldehyde)', '2buteneE', '13butadiene', 'acetaldehyde', 'acetone', 'diethylether', 'ethanol'
ScaledConcentrations_Means,2.409674318134741e-08,7.004256730390657e-08,6.504162131551917e-07,1.6688480997218113e-06,1.0485223535124344e-05,4.834073068292313e-07,9.410740515464867e-09,2.53610999962072e-07
ScaledConcentrations_StdDevs,9.645015942137407e-09,1.3527481793825567e-09,2.072803101772156e-08,5.1907845208236496e-08,4.236533336515387e-07,1.6988146181368547e-08,1.0690652155076333e-09,4.986920045463732e-09
ScaledConcentrations_StdErrs,5.568552550531265e-09,7.810095255122953e-10,1.1967334287852455e-08,2.996900840402877e-08,2.445963662267982e-07,9.808110770845844e-09,6.172250899545974e-10,2.8791996306756266e-09
ScaledConcentrations_absolute_uncertainties_Means,2.220969224485257e-08,4.1269911964903066e-09,3.9072307285254627e-08,5.7352197925121884e-08,6.271745931339636e-07,4.8513701674029354e-08,2.5201154460417217e-08,2.6808645489893864e-08
ScaledConcentrations_absolute_uncertainties_StdDevs,7.409198213136796e-10,5.352089552141795e-12,2.9814081717493524e-09,3.343590431694866e-09,7.84146904536792e-08,1.1920522410759482e-09,8.74422649218471e-10,5.172562427187147e-10
ScaledConcentrations_relative_uncertainties_Means,0.921688548436058,0.05892118686317951,0.060072775701136824,0.03436633803560804,0.059815090353867784,0.10035781625280092,2.6779140726496107,0.10570773938789385
ScaledConcentrations_relative_uncertainties_StdDevs,0.030747716226116575,7.64119557314297e-05,0.004583846637657505,0.0020035319165670174,0.007478590245691819,0.002465937573213086,0.0929175177852916,0.0020395654872859274
ScaledConcentrations_absolute_uncertainties_Total,2.289714408215777e-08,4.200241923371728e-09,4.0863948494370566e-08,6.47102470367955e-08,6.731830008579441e-07,4.9495234992975847e-08,2.5208711846293853e-08,2.6962812603956753e-08
