time-s,2buten1ol(crotyl alcohol)Percent,2butenalE(crotonaldehyde)Percent,2buteneEPercent,13butadienePercent,acetaldehydePercent,acetonePercent,diethyletherPercent,ethanolPercent
5618.562,0.7028738773810207,0.05936108555849889,0.053321694051735986,0.031530415443558085,0.047837967859467194,0.09239961137876916,0.1099586490502904,0.10134229953984518
5638.531,0.658580390726268,0.06496701529541216,0.05282841277000018,0.03205263704797291,0.045469547311503745,0.09166203208104418,0.11140549976591574,0.10152380013372113
5658.5,1.7574593449725195,0.04997314892312148,0.05262100418086992,0.03183098829418763,0.048616348352506555,0.09188575449981401,0.10877206897874142,0.1020673110742662
