time-s,2butenalE(crotonaldehyde)Percent,2buteneEPercent,13butadienePercent,acetonePercent,diethyletherPercent,ethanolPercent
5618.562,0.7268876600178451,0.20102014610990104,0.1852917668913839,0.24209796638318418,2.270257391390319,0.11613880523122137
5638.531,0.7268905553228481,0.1995355014185863,0.1853297868815865,0.24184739916695877,2.584842708924469,0.11626307010557532
5658.5,0.7269276591901673,0.20052232237102396,0.18530368613971887,0.24194869097881969,1.8078335465987407,0.1163118824619747
