time-s,2buten1ol(crotyl alcohol)Percent,2butenalE(crotonaldehyde)Percent,2buteneEPercent,13butadienePercent,acetaldehydePercent,acetonePercent,diethyletherPercent,ethanolPercent
5618.562,0.09160067543900756,0.029824098704964167,0.049597017909221074,0.029313509019275128,0.03285197120553538,0.08810810413262964,0.043543501204007386,0.09631308634295045
5638.531,0.10071138009542874,0.029894581363579285,0.04959625206244174,0.029615906815782262,0.03284622441412117,0.08809316934910046,0.04282120625089903,0.09646104912541989
5658.5,0.09114669114020567,0.03078357147962762,0.04959755375486612,0.029409822752661133,0.03284499557823118,0.08810908550532419,0.042490043268070654,0.09651022944393503
