time-s,2buten1ol(crotyl alcohol)Percent,2butenalE(crotonaldehyde)Percent,2buteneEPercent,13butadienePercent,acetaldehydePercent,acetonePercent,diethyletherPercent,ethanolPercent
5618.562,1.8093478178460076,0.1762623886599111,0.4228467665207699,0.03656106949431312,0.04900449699964131,0.09767626345327599,0.7550947111815758,0.10134229953984726
5638.531,1.619370024068457,0.1749804461626836,0.5125412528915543,0.03618417327243512,0.046753698330122676,0.0933865865238476,0.7679053742037896,0.10152380013372325
5658.5,1.0668010101149463,0.1691507232749443,0.5513809586781584,0.0359234815680461,0.049819368965659576,0.0962060581275501,0.7589679188988381,0.10206731107426838
