time-s,2butenalE(crotonaldehyde)Percent,2buteneEPercent,13butadienePercent,acetonePercent,diethyletherPercent,ethanolPercent
5618.562,0.06024671530180297,0.09377314962944364,0.03332127076860277,0.11291115147544126,2.783434435471947,0.1033551072971185
5638.531,0.06577720959699788,0.08991932559704024,0.03381044521658898,0.11143220171190872,3.162987461357026,0.1035372421618444
5658.5,0.051021993681799147,0.09218581351898511,0.03361873087369975,0.11199960119571659,2.2194394408427334,0.10409406543772379
