time-s,2butenalE(crotonaldehyde)Percent,2buteneEPercent,13butadienePercent,acetonePercent,diethyletherPercent,ethanolPercent
5618.562,0.029824099,0.049597018,0.029300488,0.088081098,0.043543501,0.096313086
5638.531,0.029894581,0.049596252,0.029605532,0.088079501,0.042821206,0.096461049
5658.5,0.030783571,0.049597554,0.029395266,0.088080408,0.042490043,0.096510229
