time-s,2buten1ol(crotyl alcohol)Percent,2butenalE(crotonaldehyde)Percent,2buteneEPercent,13butadienePercent,acetaldehydePercent,acetonePercent,diethyletherPercent,ethanolPercent
5618.562,0.7028738773814563,0.05936108555849725,0.05332169405173612,0.03153041544355811,0.04783794730515484,0.09239961137876905,0.1099586490502904,0.10134229953984517
5638.531,0.658580390726656,0.06496701529540981,0.05282841277000031,0.03205263704797293,0.04546952974416982,0.09166203208104406,0.1114054997659157,0.10152380013372111
5658.5,1.7574593449765898,0.04997314892312059,0.05262100418087007,0.03183098829418768,0.048616333628312636,0.09188575449981391,0.10877206897874143,0.1020673110742662
