time-s,2butenalE(crotonaldehyde)Percent,2buteneEPercent,13butadienePercent,acetonePercent,diethyletherPercent,ethanolPercent
5618.562,0.05936108555849889,0.053321694051735986,0.031489764440134425,0.0923293157609066,0.1099586490502904,0.10134229953984518
5638.531,0.06496701529541216,0.05282841277000018,0.03200711298434693,0.09159804083710019,0.11140549976591574,0.10152380013372113
5658.5,0.04997314892312148,0.05262100418086992,0.03180410487194909,0.09185407324864765,0.10877206897874142,0.1020673110742662
