time-s,2buten1ol(crotyl alcohol)Percent,2butenalE(crotonaldehyde)Percent,2buteneEPercent,13butadienePercent,acetaldehydePercent,acetonePercent,diethyletherPercent,ethanolPercent
5618.562,0.09160067543900756,0.029824098704964167,0.04959701790922109,0.02931350901927513,0.03285197055008153,0.08810810413262962,0.04354350120400738,0.09631308634295045
5638.531,0.10071138009542874,0.029894581363579285,0.04959625206244175,0.029615906815782266,0.03284622404940657,0.08809316934910044,0.04282120625089903,0.09646104912541989
5658.5,0.09114669114020568,0.030783571479627618,0.04959755375486612,0.02940982275266113,0.03284499496976504,0.08810908550532418,0.04249004326807066,0.09651022944393503
