time-s,2buten1ol(crotyl alcohol)Percent,2butenalE(crotonaldehyde)Percent,2buteneEPercent,13butadienePercent,acetaldehydePercent,acetonePercent,diethyletherPercent,ethanolPercent
5618.562,0.6296550463494966,0.029824098704964167,0.049597017909221074,0.02933134791352966,0.032852402486317926,0.0881228103905734,0.043543501204007386,0.09631308634295045
5638.531,0.5830014609942368,0.029894581363579285,0.04959625206244174,0.029639456054780366,0.03284648432142104,0.0881187288637528,0.04282120625089903,0.09646104912541989
5658.5,1.5990435131679208,0.03078357147962762,0.04959755375486612,0.029417251531281507,0.03284550761477291,0.08810111567347816,0.042490043268070654,0.09651022944393503
