time-s,2butenalE(crotonaldehyde)Percent,2buteneEPercent,13butadienePercent,acetonePercent,diethyletherPercent,ethanolPercent
5618.562,0.7286974213631735,0.20197897589899338,0.185650154354485,0.2436858860975179,2.2828901076536905,0.12035195013876279
5638.531,0.7291754977363467,0.2003695712217292,0.18572808853739362,0.24315907496878952,2.5982537572196263,0.12050570483992912
5658.5,0.7279927946318886,0.20129749500080818,0.18570061247929776,0.24335680854084957,1.8198570146230657,0.12097610670862473
