time-s,2buten1ol(crotyl alcohol)Percent,2butenalE(crotonaldehyde)Percent,2buteneEPercent,13butadienePercent,acetaldehydePercent,acetonePercent,diethyletherPercent,ethanolPercent
5618.562,0.6295020280019492,0.03532842227307703,0.05029394546344294,0.030053326494004235,0.03459192141293966,0.09104778614171857,2.7712664955209885,0.09812376842691761
5638.531,0.5831283942340213,0.0359802231703558,0.050293190229229186,0.030354509779957427,0.034584745490004926,0.09104375839922703,3.149052074325963,0.09827426060956117
5658.5,1.5980523379421652,0.03383024312505945,0.05029447388390708,0.030138282253639313,0.03458429458030602,0.09102595596353556,2.2170004555581486,0.09834092616497216
