time-s,2butenalE(crotonaldehyde)Percent,2buteneEPercent,13butadienePercent,acetonePercent,diethyletherPercent,ethanolPercent
5618.562,0.060246715301802756,0.09377314966877924,0.03332907288786747,0.11291115147544167,2.783434435472098,0.10335510729711847
5638.531,0.06577720959699755,0.08991932563318113,0.03381810365434045,0.11143220171190912,3.1629874613572224,0.10353724216184439
5658.5,0.05102199368179906,0.09218581356226625,0.033627433387374756,0.11199960119571703,2.219439440842829,0.10409406543772376
