time-s,2buten1ol(crotyl alcohol)Percent,2butenalE(crotonaldehyde)Percent,2buteneEPercent,13butadienePercent,acetaldehydePercent,acetonePercent,diethyletherPercent,ethanolPercent
5618.562,0.7027368023442481,0.06359511056770266,0.053970545868455844,0.032204813503026584,0.049056175054321936,0.09519394975122121,2.7811009718985447,0.10307928822159246
5638.531,0.658692759705947,0.06951421840144942,0.05348324934584356,0.03271683688526022,0.046746333269804395,0.0944780250452551,3.1594363178109535,0.10326189404046826
5658.5,1.7565575615414215,0.05264176198822786,0.053278390045076326,0.032500358382305285,0.04981478114176628,0.0946940661390475,2.226457333382383,0.10382025607408071
