time-s,2butenalE(crotonaldehyde)Percent,2buteneEPercent,13butadienePercent,acetonePercent,diethyletherPercent,ethanolPercent
5618.562,0.03155004103858695,0.09169028639111312,0.03125898998570271,0.10944272798233332,2.7736031986250875,0.09841347932262132
5638.531,0.03161667630976945,0.08804560137214006,0.03154476178906898,0.10854077230782712,3.152605590470062,0.09856354797010394
5658.5,0.0324585350719101,0.09048112266541172,0.031347837111024096,0.10890679193949725,2.2099864820244677,0.09862990884298334
