Time,ethyne relative uncertainty,ethene relative uncertainty,ethane relative uncertainty,1butanal relative uncertainty
747.187,0.39457417830020425,0.3163900611115171,0.09869620327428592,10.715704697962012
751.547,0.39457417830020425,0.3163900611115171,0.09869620327428592,10.715704697962012
