# molecules,'Acetaldehyde', '(E) 2-Butenal (Crotonaldehyde', 'CO', 'CO2', 'Ethylene (Ethene)', 'Ethanol', 'Crotyl Alcohol', 'H2', 'H2O'
ScaledConcentrations_Means,1.2467792267772688,0.1979926572258981,3.9247797306667476,1.2648010241833876,0.27532767712906814,0.1152558518077952,0.030745020097626485,0.7066498923451358,0.24049657740718738
ScaledConcentrations_StdDevs,0.48984097116364933,0.012333200167354445,0.017845499630902883,0.028444410679848292,0.008362227565533736,0.005365300199373737,0.0033806480828535907,0.0008702118676494281,0.0099455931078502
ScaledConcentrations_StdErrs,0.04312809270164588,0.0010858777265242558,0.0015712086323862028,0.002504390716297068,0.0007362530838975293,0.0004723883423247657,0.00029764946685164267,7.661788275672528e-05,0.0008756606465752586
