# molecules,'Acetaldehyde', '(E) 2-Butenal (Crotonaldehyde', 'CO', 'CO2', 'Ethylene (Ethene)', 'Ethanol', 'Crotyl Alcohol', 'H2', 'H2O'
ScaledConcentrations_Means,4.948080665170592,-0.020436994661686265,10.187321891168397,-15.477279880702898,0.14393532020470826,0.14433258758816842,1.351593660344099,0.7472516958491544,0.44373777608317533
ScaledConcentrations_StdDevs,1.1670368154462072,0.024827906653809968,2.4173361468485095,5.4481237754470975,0.033051378776938804,0.02253826267699776,0.3688619764867741,0.07329299815725222,0.16320830918279938
ScaledConcentrations_StdErrs,0.037744668062680724,0.0008029918876046585,0.07818223834166804,0.176204915515048,0.0010689579835341432,0.0007289395091855164,0.011929848895224825,0.002370464967471002,0.00527853395337902
