# molecules,'Acetaldehyde', '(E) 2-Butenal (Crotonaldehyde', 'CO', 'CO2', 'Ethylene (Ethene)', 'Ethanol', 'Crotyl Alcohol', 'H2', 'H2O'
ScaledConcentrations_Means,3.8819768683114555,0.10472491483975462,4.236721697114917,0.33519456092725386,0.21175906083014953,0.14315592477741998,0.044653967064458865,0.7472238998132006,0.44374218860460235
ScaledConcentrations_StdDevs,0.9381007796272715,0.03402636481398344,0.40423533652459287,0.27693411451424643,0.03322494738772524,0.022296113578794602,0.012186466267663785,0.07328987842635985,0.16320935632535866
ScaledConcentrations_StdErrs,0.030340347508947506,0.0011004912855233592,0.013073905119688213,0.008956689359946288,0.0010745715935878497,0.0007211078476540324,0.00039413848650023765,0.002370364068163098,0.005278567820389718
