Mass,H2O
16.0,139.6182609
17.0,3235.771091
18.0,14988.94635
19.0,73.69209704
20.0,43.47782297
