#ComentsLine,,
Molecules,Ethylene (Ethene),Ethanol
28.0,100.0,0.0
45.0,0.0,43.762209857363835
46.0,0.0,18.23431239739768
