Mass,H2
1.0,424.7389898
2.0,19866.01128
