time-s,2buten1ol(crotyl alcohol)Percent,2butenalE(crotonaldehyde)Percent,13butadienePercent
5618.562,0.18990749245927513,0.05936108555849889,0.34403998824479126
5638.531,0.18932959494254092,0.06496701529541216,0.33599248208977445
5658.5,0.19010739404966356,0.04997314892312148,0.33847894477655865
