time-s,2buten1ol(crotyl alcohol)Percent,2butenalE(crotonaldehyde)Percent,13butadienePercent
5618.562,0.18671458,0.029824099,0.341591945
5638.531,0.186714542,0.029894581,0.334033978
5658.5,0.186714677,0.030783571,0.335921561
