time-s,2buten1ol(crotyl alcohol)Percent,2butenalE(crotonaldehyde)Percent,13butadienePercent
5618.562,0.1871388052331511,16.693494302769253,0.34191501970283045
5638.531,0.18713876786663355,19.176546988902327,0.33434981483500525
5658.5,0.18713890253361584,17.38156290884301,0.3362392054986408
