time-s,2buten1ol(crotyl alcohol)Percent,2butenalE(crotonaldehyde)Percent,13butadienePercent
5618.562,0.187138805,16.6934943,0.34191502
5638.531,0.187138768,19.17654699,0.334349815
5658.5,0.187138903,17.38156291,0.336239205
