time-s,2buten1ol(crotyl alcohol) Concentration Relative to CO,2butenalE(crotonaldehyde) Concentration Relative to CO,13butadiene Concentration Relative to CO
5618.562,2.1302748662933185e-05,1.1875464436921236e-06,3.374743015158573e-06
5638.531,2.332721167559449e-05,1.3043535293413012e-06,3.7024218782855914e-06
5658.5,2.181450230171979e-05,1.21479894836287e-06,3.4540888282501917e-06
