# molecules,'Acetaldehyde', '(E) 2-Butenal (Crotonaldehyde', 'CO', 'CO2', 'Ethylene (Ethene)', 'Ethanol', 'Crotyl Alcohol', 'H2', 'H2O'
ScaledConcentrations_Means,1.6235759608498324,0.5884186894797606,4.19368031097904,1.5455615492312185,0.4663937702135169,0.25315918468026866,-0.6961412240811323,0.7423361706286349,0.31393818027982157
ScaledConcentrations_StdDevs,0.02391799665722718,0.049274719296168466,0.006063380609814477,0.021721176453139836,0.01230742861342088,0.027180718471233146,0.12433855331162659,0.004784274210736694,0.002772250712336176
ScaledConcentrations_StdErrs,0.007563534650513148,0.01558203440413413,0.0019174093047514445,0.006868839105033954,0.003891950655833794,0.008595297880890659,0.03931930294350118,0.0015129203456732353,0.0008766626496006565
